SR1,SR2,SR3,SR4,SR5,SR6,SR7,SR8,SR9,SR10,SR11,SR12,SR13,SR14
499.289230239112,4107.81168749929,11075.9393039942,3041.58754912682,3092.95596884762,24997.5541392565,6077.90855744481,2547.79513804615,-8829.46371501312,-2405.26567548513,-3098.01111530117,3495.27167290915,-2665.69828680158,6891.3063275516
991.326513732784,6237.55780684855,15713.8537515402,2671.81173806777,2644.96838262305,34744.7121459655,5294.25969180209,15076.8387948424,9867.93416568637,158.099832005799,4595.1144527779,13145.1019230783,-20674.7516973317,5783.10495072417
648.368708901107,6837.76058696397,11212.5485036224,3194.29651020467,2742.72347264737,28891.9731280729,8066.35476590507,27678.0280034691,13408.3531511277,-5960.89743082784,17344.7426356003,17634.4470842034,-33390.6082500294,8987.64784090593
-3591.89016643912,3136.98524864111,5820.88644027338,1080.78042201512,3282.48158156127,19482.8646833077,7411.24356812984,33047.1806159094,9694.90175189823,-16361.8404939845,16133.0650125779,16954.1181746349,-44468.2643333375,8207.01777055673
-6208.45267174393,873.42170085758,4092.72343213111,2067.88405735209,2263.14403611701,10894.8618658737,8356.49251084216,30071.4070352018,7737.21207398176,-16351.0160021931,18499.0011011139,21356.0407711864,-43030.0802246332,13769.2449227162
-2864.56208951399,-666.861049111933,130.297324150801,3042.35576263815,154.77089445293,-7039.43468677998,5392.08140161634,19147.8262120187,-400.478149712086,-5920.65528596938,12713.7538162619,15987.1230958104,-4253.39404690266,11767.5967423618
479.328504040837,-2207.14382271096,-3832.1287920475,4016.82746810094,-1953.60224025813,-24973.7312828302,2427.67029654607,8224.24542201764,-8538.16838152707,4509.70536370715,6928.50635775737,10618.2054395676,34523.2921450892,9765.94850661233
1504.69354911335,-5011.2750415653,-8720.78894922137,5717.24808860896,-2487.01536424831,-33375.4542925358,3904.0833285749,578.229669027031,-11387.5637768433,28244.7234005462,1770.72629127465,952.910610383377,50679.5847483873,11295.6897444427
2260.98059429787,-4156.41750897467,-9372.99689537287,5049.98864692543,-1615.42091516312,-36219.667822361,2070.09853944927,-8113.27159353718,-19057.7397123426,36587.4165566191,127.402025224292,-4016.638824258,69429.5325725079,10664.6441105008
1172.37928432971,-2961.13674437627,-7458.14348311722,1410.35839132092,-756.646487390623,-33046.9931169227,1038.00727297552,-15860.5699912831,-27148.7124848366,27909.5504262224,-8493.04825121164,-11095.0095962137,55810.1433942318,7420.63291418552
-750.841623404762,1002.45325543359,81.1736196428537,-2097.81133720954,-553.219939395785,-16094.9217773974,3207.27145764232,-11112.9754364193,-10149.0347380508,19172.2818855359,-7466.83829611295,-3151.23177523352,25456.2486397289,9292.61148481595
2949.92664638907,7863.29454889894,7828.87452235818,3569.13634937722,2908.25659830868,-4955.62315653078,9035.82482286543,4021.6571116522,-4844.00611964148,15736.547811674,-1782.15180490166,8077.33390054852,4985.68376466259,15133.2156389952
3350.23328697868,6577.95947550237,8443.91333174706,5350.86123889685,5832.13369524479,2266.10330192372,14100.1101526022,18001.4085254073,29.5749131962657,19394.0828954279,4660.66138285026,14209.2351565361,-5455.31319975853,14932.897248745
557.05360446428,5703.57356661558,9307.43113219738,3853.00426408649,7117.69475883991,20963.5427918434,10703.1914964318,37093.8136651516,15238.1548103616,11509.0429708399,13340.8428286761,21671.3009534776,-26614.5336100161,17027.443575263
-2346.9391172193,4815.01318452135,7917.58015546203,-956.071999908425,5186.74425960705,23240.3724963069,3557.96353679057,32642.0295987725,18178.4509461522,-3269.39619344939,6389.94655651972,21390.3520853817,-45053.0306733549,11200.6033164933
1294.14043486863,7426.20396833122,9795.50299298763,2566.32743267529,4369.40796377696,22014.8937587738,8583.93704091758,35465.9953952655,21879.2177739143,-8639.86627405882,10256.6986781843,28949.6057747603,-40927.2800551057,15704.4168775789
-1915.16034074407,5223.19861075282,5987.23512728512,-1637.84078860143,3309.44599187002,13000.3118459284,2166.40606274642,30350.7110560983,17916.8982253969,-14569.9494834542,7034.45358703006,18667.1376730204,-38323.0218715966,11135.3431565091
-2141.32537644135,1470.5416168198,753.044504767284,-4199.97263455554,-872.78516593398,2621.83604670642,168.006351990625,19110.0148744192,14022.1826703399,-14131.8862286508,-2691.96628963202,7860.31185286026,-6030.90092003346,7620.40203429014
4879.16266536713,3377.1906169951,-517.869746593759,3843.66288872995,-255.19793102704,-6932.27154428884,5647.1250112541,16357.1863343585,15383.3300390246,-5639.5619460009,-917.046957882121,10388.658308371,46716.6730579846,10879.0823490173
23.2190264419187,-1262.75578255183,-4782.77569510415,1154.66163561842,-825.808694135165,-14229.2911046147,-3560.81932921452,83.0794195983326,-497.379006635398,12636.327282548,-5912.65566284582,661.229159813374,56151.2905128002,5267.41570457816
-2729.29145936482,-2739.88717681542,-6111.69194740057,-3290.37443778571,-2747.21122431383,-23149.1763063371,-3628.55482275412,-7680.80835133791,-3922.8340147147,13442.0217646323,-7008.95133194327,-2412.63336056168,68911.1684482098,4022.62070506671
-5746.87105496228,-4698.5369152762,-6101.98675060272,-4798.81799870729,-2908.5520287212,-23699.7606480774,-2999.2092198208,-16194.5804053843,-12978.3537759185,11669.9955740385,-12611.9701006636,-10256.3797553889,57143.5807846189,-2615.35833361652
-1243.13785474328,549.52664578706,429.591751977801,-1018.01415502001,-1412.76321979798,-9920.13621026813,5069.88666965813,-6664.65277351067,-4825.40917604417,9569.72162597254,-11795.8471247442,-2107.44090476539,22077.8983549476,2690.57046341337
341.82473803591,2139.64189478243,4220.38852250576,914.766868903302,-649.062022246071,1522.21402717568,5005.92419796763,5568.97621798841,8825.52342561726,3706.04450653493,-4174.5332082212,10041.9441348761,375.866116203368,8827.27292040146
-260.143535777926,2578.09410760552,5734.16207176447,-1551.18740004953,1468.35394409206,6674.36090568826,6157.3386214393,12477.1882396443,11956.850648962,-807.948022056371,5200.9963728711,17115.4844702482,-19789.1734772564,8950.58888155222
3764.61633898318,2644.59767661616,6385.28348255158,4801.95388175547,4053.91661577299,22552.0076830015,12544.7654509712,29308.5456735804,23704.9600446238,444.45496378094,19235.3331569056,27294.2016038001,-28474.9220631272,11049.9701300822
4765.6156167239,5249.65800338984,6527.63348126412,6663.29175692797,7966.98024886847,32280.5402338505,11395.2142285109,36904.3752884865,28430.660502553,235.771288760006,30032.8360757083,28346.593069315,-35488.2005985454,12775.2769366019
-1194.79953936138,860.776254210621,3539.41938057542,-853.198754369281,3731.98583722475,23722.1053754306,5604.56043043267,31970.0222111717,28987.4577012062,-9040.02217819216,27564.9978576303,27775.8330374956,-43838.6653990746,10342.7186913203
1653.12959633186,-137.728126951493,3057.44044660777,2017.97859319719,3000.42996721901,24210.1847687922,7964.05647373851,31667.3699585944,39113.3231854439,-10968.2930792384,27456.3367399145,24240.5758652687,-45396.862978816,13386.640126586
851.375448329607,-2475.18308314681,-2570.03322369605,589.997271224856,1585.02001972962,7575.29235365242,3962.98199081421,22746.0672384426,30257.6133756638,-15689.4343038797,19065.4763287306,15063.5101559907,-35753.5639753677,11810.2594157755
-1101.80567308143,-5379.65429320931,-7914.26135861874,-1554.93099500053,-2696.40425733104,-3701.11247719079,-806.387255426613,7765.29746128246,15824.5620480441,2984.02591733262,11741.184911577,4847.73536448553,12846.5002050251,3865.68134161667
89.1767553347163,-5160.75312512182,-9452.06769454479,418.230096886982,-1936.61254458781,-7387.13696211763,-1295.06195522239,-1598.97206653678,3892.43819277734,16463.6698075943,5683.092196838,-713.858010642231,47628.127820015,5964.06778405607
3620.82944945223,-4978.41709486395,-10145.4322001636,2569.2839173004,-2002.96597621404,-8898.5314583322,499.274327737279,-4876.57526960736,-425.33236226812,20133.7422179733,4790.09174455144,1437.24378316291,53567.3280904293,3050.51387416944
6221.18613489345,-2435.46812371723,-7600.96282048151,4448.27621489763,-674.569484108361,-2969.12962447479,2926.63678605109,-9489.23035467416,-791.261353779584,21644.2754774932,1713.4522357136,-2766.9515173994,43362.4764018357,637.902474980801
3162.6410745997,-1884.74563061632,-3988.40395306051,1963.29280191625,-1068.91140542924,-6416.04515506327,6125.84277434647,-5633.8535495624,2361.73334695399,15214.1627039276,-1247.47794828936,-3290.33039797097,24501.935340941,2999.7713181749
2887.49888745695,1504.71870330349,2235.61987288296,3404.90065933391,1066.44622795004,10368.1449740264,10836.9658483285,-782.089279888198,11219.7537301816,6045.35638005659,-4322.78977302089,-415.026506407652,586.439211450517,8745.6278180154
3297.56442729845,2044.13987691235,4130.21899945661,1677.61718989117,1975.08438301086,23575.4720320702,6164.17727168836,7286.03131630644,18613.2292549312,-1038.00795271713,2028.40118232463,7866.69438824058,-17260.0570451543,4488.08173149009
5058.3127798005,5159.67668411136,4754.96536938846,3503.70508723892,6601.07482948899,23374.002895236,6403.23968301993,29976.5580025315,18329.5069119334,-4759.83674485795,11201.7773587704,18371.3738008738,-31701.2940889299,8986.98888133466
9060.62853753753,8223.64860415459,7645.16556307674,9267.71360230446,12319.6805975437,41917.7053780556,9940.6342613101,37286.2357070446,26169.907481432,-4237.5013363082,17779.114022404,25702.8996858597,-43876.2260051519,9722.41671012435
6572.73593237251,3828.78947293758,5287.76879326999,5879.22884500399,5534.25879120827,43480.9453928471,7280.54938814789,35086.9189682007,33635.9046564102,-13814.2147520185,13776.3641665727,20690.0974615812,-54008.5918138027,8921.54118942097
-1538.15297686751,39.794038310647,1150.55500848591,-3672.20937069787,644.590943559797,26212.5718920082,546.855529731605,25407.0274554174,32248.9868397713,-23166.633748835,5092.85933930008,10450.4714574702,-51048.7948117256,6816.80953210965
1970.92018132284,-890.051617736463,-2272.81635878235,546.269262308255,1067.7135330122,20120.31886613,-18.590351567429,15973.1820925325,24327.0837811232,-23490.0384738632,-500.57815623458,4933.48421035707,-14082.4906427711,6704.03409477603
2986.20621967316,-2087.51003414392,-6741.84832420945,-288.432245161384,-879.492930226028,-2521.37376417033,-4565.02432433143,2055.46220479044,11670.6361203194,-8056.92679750174,-2983.40194362786,192.208226393908,17785.4624067806,5614.18147100881
3921.27040923759,-3198.69691639394,-9602.15521553159,904.436418957077,-938.903287795372,-10128.3380629595,-4227.74843514711,-6781.3654980748,-8124.12159270048,26592.1222050432,-2130.56928591803,-7383.30133920536,40904.6881232262,740.479332456831
634.815579596441,-4342.05420455337,-9809.17624328658,-1720.3070326942,-2279.27535964045,-14549.728420259,-2514.98568824865,-11433.7451163488,-10413.5982596874,33650.2767266706,-4500.40789134428,-12950.8580456376,52756.444988668,-3173.02903982345
-1269.62631824799,-4248.94295167178,-6193.50344243646,-2323.52292371355,-674.950624238467,-17420.6747223996,-247.304756206664,-15361.6050422955,-15243.7466170788,20290.9518394768,-13784.1142026894,-16835.2087437511,41368.9396394417,-5913.70342598856
1689.71329164237,392.538822300732,-532.309579624329,3714.58491316438,2095.85245202854,-9421.37069521844,4991.57621404948,-1019.05670211092,-4870.47051835433,13352.1609779969,-10007.6913906671,-8543.77738068439,15473.8917834386,-3041.70164595719
2205.11858274578,2616.03473120555,4230.90043881722,1535.08212347515,-1494.64755659923,-4947.05085439608,5684.8540526774,132.353516291827,2548.4485038498,10261.9704755098,-515.889219338191,2000.95976399502,-5506.32394428551,-366.707731280476
2406.56656587869,3550.90849176049,5839.9558095932,5235.54869964719,2400.51779743284,1517.66744349897,6197.94112611748,7937.90270259976,363.880529003218,6459.29866322316,3265.74654212315,8018.33242017217,-23613.3488889039,1165.08273869893
2651.33486296609,2713.02173160762,4936.38005465269,4545.23872385547,2182.49715255201,10591.0220317543,6478.13773777988,16836.2338028848,9309.96111351252,6410.9894659482,7421.69698540121,11021.0560717583,-30018.756404534,634.062307834625
-1019.59762239398,1279.37540616095,4791.3236021772,322.172788331169,1907.97051739134,15860.7847575545,3217.50955499802,21482.2041163743,14812.3296987554,2001.23959019035,18194.876423955,15553.0769166499,-41686.7095534802,2815.97110561701
790.580388233066,1126.18384576595,3214.53334868699,3142.74647230189,-205.231542580441,11198.2352895737,3239.20455785678,24898.024297893,19103.0062527657,-7297.68972568214,18179.5536400378,16061.0536518991,-50212.6380927563,3253.67496912414
725.831910177658,1305.76623387309,2067.01269879751,1720.35314802773,-454.819252440706,-3796.1619844283,516.748360574245,20702.4060017047,10376.8826527614,-13774.1996115875,10701.962981306,12553.2618196905,-43203.6881287098,1409.84696072992
1564.45524879545,-340.115022469312,3123.30362878367,2115.51885151817,-89.043479308486,-6544.51394888014,-717.357131113298,11718.2227885053,-430.46827756986,-11125.0180607904,7376.89234046545,6512.87279144931,-12933.8698225021,3039.19981200434
-700.345720409416,-3568.33448058367,-960.903483627364,-1183.41989406539,-5415.85535538197,-22964.8850643635,-5280.30004257383,-247.68108388409,-6968.5490670912,11859.7748285383,4789.4040239281,-605.093449708074,26298.0423360169,2596.60600557458
1584.9391002031,-5731.0256858021,-4446.78255051374,2164.47187857173,-5134.0028174601,-27693.6366702318,-3396.6402073456,-7606.54120209254,-15770.8497774303,24857.8590773493,959.504235126078,-7342.6914752638,63839.9732918739,3841.3620428741
-6065.7033515349,-8187.46615326405,-8459.03052139282,-3076.68791840388,-7914.63857053686,-31243.2368819714,-6477.5419273153,-18810.0530147553,-22895.2686091065,23990.9659242295,-6248.27629932761,-15165.9018129855,73038.74650383,-2327.48790883087
-4445.89174227415,-5634.61863172101,-7445.43419869244,-3103.22992679477,-3934.6824439764,-29358.5612114668,-4347.69515524898,-25094.6921382248,-30953.4619333744,13276.4091991009,-15875.7272889167,-23621.2171641588,52552.3541902304,-9593.02955284715
-1345.22830790048,-4011.33995386958,-4839.02292689681,-2401.37615973875,-4264.09490914084,-16351.1283337846,124.799085065373,-19706.9317646585,-19992.4239933491,7423.65997628868,-18124.126345709,-21937.9394514561,23109.2588009685,-12915.3778567016
2217.04152662866,-6.03737624920905,2878.81415919238,-338.324757631403,-1038.09081893973,4947.82509993017,836.72790027922,-9572.90690440871,-5114.36438109563,3157.93042114005,-12864.5877743363,-9217.95973342657,-809.552307428792,-6423.87707622163
728.025680281455,587.112765977159,4107.91297401488,-860.365763679845,720.117533266544,9945.86538884416,3159.56498815306,-5648.76028924465,-3176.04713783786,2037.9892274756,-3814.01052048616,-2589.51426894544,-14527.6775867492,-2340.8187688319
593.661974320188,-408.34412685968,3835.49847677257,3360.27229081094,678.097376180813,13482.470903188,2972.57594388141,4093.88185334206,111.917561322451,-5459.8879924966,3077.86788986111,2630.0093606282,-23413.5285145044,-3119.73809309769
1185.61644717644,339.673780824989,4610.0015484225,4414.48698176444,1228.71678004228,11683.4911441207,2431.01176943723,7027.02904044557,-10265.6765974951,-8695.44539511949,3873.33384443866,9307.71074166521,-35843.5171554685,-1428.73181234207
-910.135357138235,-470.781225318089,5328.99921691418,2055.43039316172,3925.76987550594,18016.0772982538,-339.199496321613,3542.30402223021,659.815121592954,-18280.5709050735,3011.18231960945,4125.23656341806,-43193.6742407084,494.672510500997
-1239.61563603207,-2501.95928592421,3082.05689423252,-2734.08433489921,-4581.52744780853,6605.22772445902,-6038.83113937452,-7144.47286767326,2495.90204135235,-23218.4707459072,-5238.37212597486,-2392.2005199641,-45657.8050654605,-5367.80892833695
-4112.33168913424,-4939.07266705949,3176.56504967064,-5925.4742987752,-6272.56625270844,-3546.88631119207,-9796.52830612659,-17335.0220399201,-5310.6277589486,-21407.4885369763,-10100.82557467,-15075.4414397478,-13660.0422559604,-6857.62120382954
-1373.35634362325,-4746.2674048245,-1229.68554796837,687.346963047748,-6229.67449925374,-14343.0508061945,-8310.82077860832,-23200.2024146318,-12648.0338984653,-1481.94751490653,-9429.64227149263,-16396.7273650318,41867.3873936832,-7580.49277563207
-2744.52090505511,-7281.52492743731,-6068.92570622265,2848.78976175049,-5666.33886710554,-21559.1381036043,-9281.71179581433,-30226.7037327588,-22142.3713640273,18123.0122458264,-9721.06505445042,-19194.696393609,68716.6881022453,-10389.3845397867
-5073.68080866337,-9736.0458265543,-9103.87980830669,-4733.94394096057,-7293.04418708384,-34069.250487566,-11647.8719237521,-41644.0260987282,-35621.4467272759,19378.219289884,-13636.0549408197,-26252.159819603,67833.1926779747,-13903.3371401802
-5163.08182264864,-7101.78728759289,-8242.04767045379,-5552.25086224079,-6888.53203959763,-29752.1105780602,-12698.1381635368,-43139.6863923073,-32748.0562877655,12018.2536663329,-20291.2855141163,-28081.1689379215,48458.4404428154,-18959.4418570399
-5883.22124712169,-254.515865737572,-2156.84221236035,-5143.69957449427,-3203.54242448881,-23485.9318646193,-6451.25544081419,-38351.4441313744,-35040.8414039612,4048.51759260893,-21160.5955407769,-23937.3838691711,29000.2505398467,-16877.2302574366
-687.823529466987,4474.7095451951,4789.76619628072,-538.804208781861,404.823173264042,2072.05549645051,-2845.88460055366,-29206.5172771215,-23415.2013408616,2598.91908226535,-16896.4831467457,-18681.0601649284,7.78145787492394,-13170.8956012279
1049.66975901648,6844.9611145258,6261.67912912369,3087.10365811177,-328.713323595468,7384.89737418294,1356.86423190311,-22339.8153034523,-15981.9553016424,-404.733877588064,-9029.31646211445,-9639.00239588693,-13770.8064386975,-10041.4024985824
-4887.38643567264,8329.96009457111,7623.62769672275,-5840.83823050559,4456.4531807676,16090.9978627935,-5245.08591194172,-15329.4341855049,-15540.5111321956,-11303.8558307802,-3569.59953585267,-9820.6496308744,-32677.0287054405,-12003.8452013433
-1939.11915278342,7401.13595418632,6885.01460176706,104.053920579143,2742.07886326313,25807.7525505424,-5081.21470396966,-7690.95879770955,-4091.880076278,-14750.7491059508,3471.13589425758,1189.51704970747,-44169.6407455276,-6918.80730493506
-2852.96622509812,5060.12250375748,3491.49433360994,-1737.93024765514,1994.42478150129,20499.156232357,-4633.25919156149,-2850.5490947403,3671.18075565854,-16903.5313244164,9422.59230469633,715.060589746106,-51570.2931005955,-5882.34205904463
-4775.41362450831,1261.85426389612,2340.80835013092,-4897.30369846709,1091.60043420736,7265.74697330594,-6893.17795104534,-5215.92346748337,3349.63027659291,-26656.4665341824,6521.88018694334,-3203.0928206183,-52588.6601989269,-6257.2267996124
1201.4726311774,2591.1131555796,147.744267692789,-3798.12337772176,443.876785804518,-5352.77317690291,-7387.16562563228,-12798.7043478396,-9467.51751027443,-29423.5592083931,-1869.22078164108,-13775.909997738,-36828.6672031637,-9396.34626023285
-851.381462711841,564.295598223805,-4074.69024860859,-3649.25194953755,-1782.28358373279,-10942.6059430726,-7319.37632634491,-17581.5947168702,-17551.0871749967,-19607.1096154004,-3861.80702317134,-16941.9581232369,615.548225268722,-10566.6425653808
-2682.24287671596,-3064.13443024317,-8032.40744733811,-12.6586690382101,-3171.33583710343,-25437.6324353814,-11591.9560671402,-30009.5729446858,-23036.1504909396,-8426.71551275812,-8589.85978243127,-19281.3760026395,42552.1181911528,-10138.7338795525
-1045.79792712396,-3261.20393055677,-11239.7665265799,-3315.42425318155,-3864.60415669903,-36269.1630812585,-11179.9013458341,-34702.3208620399,-28735.629997015,2539.47267328389,-12099.1524847746,-20753.3694448471,42891.4835304022,-13787.0911275111
-5112.42470348626,-3699.91849166062,-10897.3149179518,-7513.59695829079,-2993.79107759148,-40140.6573597044,-11267.6772092395,-40953.7055549026,-34331.6165561676,-5183.48954709061,-22390.6213405132,-27239.9704749584,28430.8915685415,-20497.639125824
-2393.12457616022,-1400.5110806711,-4848.41713552363,-6537.45938527212,-1388.18386051431,-21208.5596295921,-7125.87769505009,-29000.915698316,-26333.0254816413,-10977.3309938628,-22201.4702632427,-24366.4585776329,2865.66019318253,-13857.7898704335
-2766.54075494688,2409.87796784565,2316.13322162628,-6633.53245224431,3328.95101289451,-4311.18874806073,-5345.0049315244,-16028.3882202469,-19365.3264859691,-13724.9115262479,-12194.5561752319,-14667.6197048724,-15227.376546829,-8418.45843229443
-1888.86995117838,8399.66647283378,8612.94029289484,2127.33953333925,6739.42852147669,21552.0568927974,-1770.40758170001,-4997.85865971819,1021.79545296729,-12610.8727241438,-8853.11759744026,1175.14293663576,-29040.6007910967,-1652.92566213664
-687.791484140791,10649.2164063416,7212.21269226074,-1309.50650630146,6591.21826145053,24778.5471658707,-1984.93619373534,2506.03461590409,6455.02836440504,-15898.5054845139,-188.327553768439,5133.67088195682,-45928.1915130615,-3157.42142717168
-2702.04367401823,12617.0867039394,6200.73806017637,-2269.87767185178,6588.55189484917,31516.1066761017,-6713.96902188659,6195.99384687096,18085.5504563451,-22755.2641090248,6725.63415522128,13399.6023680978,-63998.2401990891,944.519546135096
-2277.09128048271,8850.79003370553,4758.15214865282,-2737.11625346448,734.813542738557,27925.2002494633,-5271.79221407324,5868.35653118789,19428.5381794721,-32889.7590832709,2807.81261714574,15923.003493242,-61593.8451404572,5445.5203908002
-655.196451527067,8029.30935332179,4699.41416652501,-213.600780252367,638.368942329194,21970.871591568,-4352.15960391797,5906.59494326264,15621.020657653,-38945.3255445641,1203.23479695618,9014.08253941499,-56454.6041717529,11005.7652057037
-5479.36084805382,4541.6721143811,2259.04134726059,-9788.16380816698,-2001.13758021221,12839.5511355996,-13735.8347509503,-7557.25471976772,2520.47686616704,-46040.7117984146,-4639.13264607266,-2747.59128289297,-35421.4702654481,2456.98542561405
-1420.31077548489,2628.13943299651,-3408.0844459869,-4894.56700114394,-3478.51381572615,814.697823137976,-11959.2531889677,-16289.6940372065,-2173.91030044481,-26507.2149909288,-4561.46318272501,-5518.78141497448,3348.05509440601,-2663.32075277902
-2394.26063834131,1029.71497836337,-7086.10517963767,-9425.19200533629,-5142.8813867867,-7314.85135917366,-16562.5661097765,-27198.3364940286,-19191.0531348474,3581.15919479239,-878.257882967591,-12268.7309889868,29120.0937652588,-4911.56769548438
-3596.47245860472,-1262.20410941914,-9415.0487703979,-11573.0311973691,-6090.6291641891,-14414.9452656508,-17254.6496495008,-36449.8321731091,-30782.7332277298,16335.7446470186,-8613.31005377322,-20285.0312880874,48699.1949541867,-9387.51934122387
-1530.02775580296,1272.34004307538,-7813.58706058189,-7344.3576529026,-1120.2142421864,-7649.20891953632,-11325.5783577934,-34502.2868483886,-27886.4691955447,6434.66637009382,-11710.3445127718,-20530.2898591757,40069.9698956907,-10133.7403559499
257.061675289646,3950.92934845761,-1033.58046241477,-6593.84045627341,468.949094712734,862.389729950577,-8123.1289321729,-32922.4131007791,-24876.4624453485,-1550.24837720394,-16432.349657448,-19898.4384605214,13087.6893177219,-8050.97651104024
2205.19581143674,9367.12235990167,5820.73546350002,332.008146873675,4506.15738257114,28990.2516926974,-8744.49791525723,-30391.6823254079,-16654.699321121,-1946.93356510811,-15100.2858174741,-11270.2702931473,-5197.89631816,-5102.76783284266
1232.58244252205,9432.18506461382,6316.30002760887,-2674.68748809397,3078.16450481117,26002.419733882,-7647.53382643312,-19809.8858442307,-6729.20559263229,-4961.15089865774,-6230.78620121628,-3754.85309460759,-22204.4335157275,-2962.9259759821
259.969070881605,9497.2477908209,6811.86468273401,-5681.38316070288,1650.17165958928,23014.5877320767,-6550.56973326532,-9228.08929914236,3196.28823544085,-7975.36832693406,2638.71332208812,3760.56407791749,-39210.9706216902,-823.084077879321
-2540.98391324375,8417.77954784781,5104.50910067,-3977.78984141117,3314.39117962122,30317.8590018749,-7944.64051379263,-3529.50155168213,3504.50539969234,-14876.5575294432,5605.12946429849,4811.85167672439,-48419.1646539569,766.326290886849
-42.9206575143617,7856.66381019354,3820.0677202642,-662.20082210633,1137.31200086698,22722.5408070311,-7037.06741569936,-425.536456152797,2458.77829707041,-22971.6271852218,5225.64379877411,5737.81964931265,-54864.3266328573,609.412155048922
-55.4865953633562,7510.95466869356,-3727.26131653786,-2612.13822672484,1279.04730697395,10616.8357065544,-9660.30201845616,1511.48293195665,4945.38200657815,-29846.4466480017,-1326.79170196643,199.515350043774,-49443.0242316723,-3977.19937434793
-951.836865883321,5147.27195623517,-4864.61353641748,-4266.53399507701,-269.633179843426,-669.803383529186,-12817.3502393961,-7937.64267188311,-4112.6707020402,-21366.7973983884,-5281.65390902758,-4810.1655793488,-12066.3763544559,-3211.51125612855
-1848.18713698722,2783.58920363337,-6001.96568579227,-5920.92977388203,-1818.31365741324,-11956.4424504042,-15974.3984969258,-17386.7683432996,-13170.7233717553,-12887.1482113656,-9236.51613085345,-9819.8464772813,25310.2715671286,-2445.82311454043
-2530.2534903679,-1592.06796524301,-10479.6979833841,-4189.83028216288,-3978.0377714783,-15495.9770602435,-16570.7050848566,-28486.6674521342,-21304.171145916,11092.8714622259,-12022.2385471258,-16096.180424219,52095.368691504,-7744.4803995206
-1207.70482628047,-274.341302327812,-9198.6102540493,-4406.32477206783,-4211.64228258748,-30117.0005876124,-15662.5344427079,-35142.2402188182,-31214.3700255156,31420.6325992905,-14283.7113834806,-22926.3695486784,57602.8238376286,-10908.6740320362
-1892.27018408664,-750.218631856144,-10290.2839998901,-5340.11772924056,-3891.79598068446,-33517.5792458952,-17070.7317358255,-40149.8887755871,-33419.5016213656,20718.8212115914,-19340.3397413194,-25183.5397399366,44268.6309719384,-15387.2763468325
-4115.57515030168,-365.192946184427,-8377.09232878685,-6075.2044011429,-3159.03566435445,-29084.5708728731,-17502.5639796853,-38745.0610525608,-30051.8993121684,16066.0631785542,-18760.4487023205,-24402.0928731114,29757.1038956791,-15905.5905447453
-80.931024796213,8123.44985733042,4637.92595439404,-3980.73889000434,166.934618953615,-14940.3930575959,-10798.2275531851,-24690.6674008668,-22415.0190420076,5033.05438351259,-11817.6028694669,-6765.28215261176,-8389.02513946034,-5648.81554471701
-835.550844888203,5470.16418495029,4004.79979804158,-3264.46886925958,121.995180291124,-6509.07081416762,-10403.0835242157,-18386.1168372855,-17969.3938352987,3930.9166486077,-7485.38439188618,-3496.93317138962,-16420.308939564,-7615.23761854135
-1782.43750442937,2292.4472091347,1443.41706830775,-6517.53001779318,266.666203746572,5204.55906607956,-9603.30692011863,-9953.54459744319,-10745.2888057008,-3937.02542123199,-2772.19806447625,-723.556941231713,-34068.6864033937,-9533.03375194967
336.526413889136,4498.91803283989,2524.73997357488,-1720.08362310333,5777.49175398424,10408.6983743962,-9333.40672718734,4167.87731982768,-3856.22308794595,-12146.9102109447,6039.20113489032,10509.9417579547,-46792.893522501,-5680.24009103514
-3467.35872591287,2712.68885505199,-1182.95599347726,-4861.4760874603,4735.54280204699,336.369379803538,-10679.6679494958,3058.05404537171,-8223.78176107258,-20209.4704553038,3779.20914978161,6911.91020131647,-49300.390083015,-4099.48238933459
-3727.08743434772,359.618558138609,-1333.20443704724,-7257.91758830845,759.041965782642,-3665.36087870598,-15063.8146296144,-5533.66126522422,-8964.99023798108,-28023.1690284982,-3803.48764850199,-2961.1915833056,-42767.8367080688,-8256.63757818937
-3986.81614631973,-1993.45175140258,-1483.45286476612,-9654.35906795785,-3217.45888614655,-7667.09106506407,-19447.9612846375,-14125.376666693,-9706.19880625606,-35836.8674868047,-11386.1843916625,-12834.2934447621,-36235.2834422477,-12413.7928224616
-2307.38351496402,-2853.01440056507,-4401.63392826915,-8178.20903490298,-3020.07836269215,-26438.8166434467,-18281.7651929855,-23099.7798359878,-21274.6181981079,-28531.1987464428,-14722.0411626697,-17504.5249897167,7772.5467055887,-10544.7453530133
-4178.89507397264,-4786.58540596068,-9293.78696507215,-9793.84446836263,-4899.62290953845,-40899.8498924673,-23836.042267561,-36117.9386483431,-36680.8906812668,-3340.61652144045,-13785.2978135645,-19421.6571531296,43206.3293259144,-9137.30724719726
-2773.68472472206,-5342.77019114792,-12261.5574815273,-7979.72245047987,-4854.17718082666,-46782.8621044159,-20509.7785350084,-43086.4624357224,-41513.228780508,19537.9733336195,-14298.3375214674,-23281.5751491785,57445.9803619962,-15642.7657124475
-2158.95056571439,1036.32122245431,-7004.24913191795,-7570.27725997567,-4688.48996337503,-35037.2641720772,-18170.7819120884,-40115.2815444469,-38934.1131765842,9772.73175980896,-17609.8639464229,-23573.4542826414,34730.7000828981,-13933.0797859058
-1544.21640988812,7415.41260587331,-1746.940843869,-7160.8320555035,-4522.80279168487,-23291.6667427793,-15831.7851988025,-37144.100456357,-36354.9976369739,7.49018226563931,-20921.3904491495,-23865.3334361911,12015.4197949246,-12223.3937987685
-1550.3814521078,8753.0328325443,4925.62200689316,-8834.60645045619,-1932.02080879558,-9830.7042760402,-15886.4792059958,-26392.0922691452,-33102.1111035943,-8747.66580081731,-22934.8396836603,-22924.5009720326,-10731.4952856079,-13293.1876276583
-1806.40702150017,7194.44259274751,7593.56170509756,-5509.81434683316,1115.84408469871,1680.38713055849,-12970.3490066379,-8513.82289881259,-23397.7297766507,-10626.7346527427,-10577.5898427479,-7146.227975538,-24262.9196930463,-3993.32150382758
-5833.02028826624,7216.70414579287,8573.65797159076,-9769.86160639673,2351.1605685316,13945.0300436057,-14160.8095146492,-1991.54228174873,-13705.452057153,-12173.9123069681,-3188.9805747252,-1444.95686754584,-39336.4361260086,-7336.9524225397
-5067.73523904383,8040.49069446325,7778.89313051105,-8569.30022665858,1487.50875781477,21556.4503285885,-15191.3800055087,-995.109876841307,-5554.98158556223,-16891.0313303024,556.364355355501,769.283632904291,-50752.0305666924,-6199.9390810132
-4302.45022071933,8864.27726875991,6984.12827412784,-7368.73889076896,623.856932848692,29167.8704744577,-16221.9506079406,1.32235552370548,2595.48898980394,-21608.1504779786,4301.70930195184,2983.52408930287,-62167.6254544258,-5062.92557580024
-5325.91369134374,8103.53841135837,6773.1702534603,-9315.90590361506,16.9314019884914,16577.3657666892,-12550.8651802391,-2458.46440643817,-7783.85086339433,-30649.9976658169,-1317.90947464108,-2617.95037374832,-54289.8795834482,-3834.93836602848
-1723.91292944551,6659.50423868443,9432.4630812034,-4350.28080529347,-160.588966593146,15530.0814385347,-14021.850310266,-9700.91833702475,-8510.92278902233,-28119.5160762668,-8373.40618915483,-10406.9801270943,-32804.7932163626,-3659.09084901772
-3461.41646717209,2112.3628405286,449.427449904382,-8402.26106724143,-5496.06950229406,-9466.0804488007,-19124.4478429221,-22036.3528659856,-20461.1492547412,-4401.14159792662,-11127.7852644846,-17920.8456773311,13326.9162081778,-3348.93248205073
-2078.80511382595,3338.41294511408,3066.16788494587,-7135.639015764,-1921.27032153308,-2255.88851377368,-17093.3280051351,-26158.3416470289,-18245.2812783718,-5486.68758487701,-15043.5962859094,-19286.205624342,7290.79876041412,-8926.06291005015
-2256.25122079253,1677.86733027175,-116.979675859213,-8528.31809203327,-2801.61096324399,-11148.8734686077,-18629.0669116378,-34387.0533772111,-23112.4604648948,5829.72673907131,-18378.6914654374,-23725.818423748,27338.594882369,-11559.548870407
-2433.69731695205,17.321672451566,-3300.12724867463,-9920.99717544019,-3681.95164013254,-20041.8585001379,-20164.8057682663,-42615.7650978565,-27979.639751181,17146.1410414651,-21713.7865114287,-28165.4310778379,47386.3907508114,-14193.0348517289
-5786.90059866756,-1502.72380470089,750.494857896119,-9793.19707498141,-2512.98461232334,-13816.140536909,-14680.2496773712,-41151.1122561246,-32245.472274147,9439.1613445431,-23688.5032075644,-28446.3491965383,25283.8099022219,-13851.9797591725
-6509.54290050396,1042.33423736203,3461.55782539025,-13333.5575780869,-5850.74016069621,-9686.54865078628,-15696.9437936898,-31344.9237023592,-21233.5790561438,-1839.61264977511,-23942.5581466779,-24157.2637196258,2973.3160392493,-10293.7510896623
-1309.78760869801,5621.81306514144,9466.33210647106,-5191.58618629724,537.408685524017,-2084.54897569888,-9708.53636252321,-20270.5618150532,-23356.4699610323,930.720120425336,-13918.6210046876,-9377.2763588056,-10167.266154021,-10988.9277389199
131.839310407639,5973.08766122535,9588.30188310146,-2999.26374281198,554.333883970976,7440.16198635101,-7195.84918956459,-14777.0040496886,-16882.6623222828,-1093.29346151836,-9138.07374159992,-715.145651936531,-24308.9143920839,-7717.26577213034
1573.46624256857,6324.36228397489,9710.27163855545,-806.941301445302,571.259094824083,16964.8729740456,-4683.16196817532,-9283.44616075233,-10408.85457021,-3117.30730011407,-4357.52647731203,7946.98505926115,-38450.562757194,-4445.60386299714
-3119.15730500734,5564.61253726855,6264.62430265918,-8448.79697331321,1532.33111603744,6931.79000939056,-14056.5405670535,-13295.2897394435,-14810.6971581373,-16702.7779051214,-2709.5628140457,58.8341139853001,-53643.3552377373,-8008.7182860449
-4892.00348554179,2574.67944080941,2983.89116565138,-8334.27846169099,-2733.30618450046,9405.32002669573,-16847.3688586615,-19222.5273060277,-14482.9568367116,-22843.3582648039,-278.946383892559,-5123.94909901358,-56463.6819890142,-6473.10196542181
-2399.87026136927,2645.34592432017,1465.78948862106,-10801.7992603844,-2694.30695449747,-1831.92536236811,-19614.593470335,-25504.5090930387,-19766.0508206785,-31280.3285183907,-9470.64389238879,-15513.7605136409,-41850.1048877388,-6989.41235047719
-3449.7033835426,-576.335426032543,-1562.62459754944,-9672.0923884362,-3927.684930861,-5756.20745769143,-19994.8815374374,-35294.4444072843,-29322.479619801,-15953.5605101585,-14027.38575387,-21633.8287510946,1037.71556425095,-12165.4709923416
-4499.53649835661,-3798.01676845551,-4591.03868085146,-8542.38553749351,-5161.06290133298,-9680.48957823962,-20375.1695688963,-45084.3795150519,-38878.908533752,-626.792480548844,-18584.1275176629,-27753.8969760216,43925.5360380337,-17341.5297473744
-2226.61189115373,-2408.19008138031,-5720.82696714997,-11268.3878037035,-6085.32494600862,-14069.967115283,-20924.9009383917,-51214.2757198215,-48303.2646706104,2848.53862910718,-23190.5723839477,-39483.8748268485,53321.6369659603,-24624.3564929962
-3682.59131487459,-1662.14107412472,-3964.42455516011,-6678.06377945095,-4973.86716707051,-9759.23485323694,-14379.7072177306,-48133.8663849235,-45484.1653237939,-2822.30754706473,-25401.2945953831,-31276.4605098367,41698.3731207848,-18168.4510939568
-1656.82485526847,1556.64898035117,1912.25507763773,-8145.60783510655,-2852.1310927812,-2500.26715547033,-14656.4614187982,-42798.058867231,-43643.0542051792,-7944.8617932871,-19852.8821221516,-21444.7892668396,12332.9999648631,-19968.3275724612
-695.183487437665,3257.38421326876,4707.76368665695,-7840.82204819471,-3597.59916329384,3663.52786260843,-11955.894623816,-32041.2089532614,-31679.5501629114,-12776.3289712071,-21211.3294717073,-18344.9244791865,-5049.12927925587,-18399.2571869195
266.457868509926,4958.11943587451,7503.272279948,-7536.03627580032,-4343.06724028289,9827.32289149799,-9255.32770326827,-21284.359234184,-19716.0459555164,-17607.7958542034,-22569.7766550183,-15245.0596007891,-22431.2585506439,-16830.1870532744
-2915.29829613864,6936.44997976534,8428.00257417746,-6700.88430538401,1695.06252127513,21084.1619525813,-14794.9797543483,-22482.8471314013,-18939.9668138921,-23447.3413687572,-17291.1557718366,-10177.5346231535,-38166.3657972217,-15810.2390536079
-1012.71885289997,8070.18830531091,8793.60405296087,-7945.72022746445,1095.49361665547,23534.514102676,-13603.6861450076,-12064.2282243371,-16015.677079916,-25154.1835108064,-4006.26822138391,-5837.73859894415,-51478.7965859994,-15870.3384642452
-790.651263572276,6640.32891397551,5846.63397755474,-10601.1531676799,-687.724162437022,20162.9023405537,-15986.8277556524,-14096.5753631741,-16465.3877806813,-30197.4787821546,1965.01056726836,-2010.14687952586,-55654.4663279057,-13491.7257002788
-1373.37179208919,5225.54744346719,4710.87105377019,-7050.90549449087,-2356.5303327078,15398.9243858941,-16497.281351865,-16101.9831972867,-15117.0038324073,-30386.2534721578,-2484.69164099009,-2316.87882594578,-54770.3362054825,-14512.3378975689
-417.186479948461,2889.22349399328,-762.930137693882,-9314.24937811494,-3634.27432319522,-5295.59866428375,-17049.629763931,-23621.5346796513,-23847.7278034091,-23324.2811230421,-5175.13411900401,-12144.9089792967,-22148.4249887466,-13302.4681566656
538.998812887818,552.899529635906,-6236.73129591346,-11577.5932995379,-4912.01841694862,-25990.1216716319,-17601.9780880697,-31141.086566817,-32578.4518036544,-16262.3085747566,-7865.57657112181,-21972.9392237663,10473.4862284288,-12092.5983562719
-980.186824016273,-1792.77319198847,-9308.39598721266,-8627.29617393611,-5002.57417977229,-35887.197280407,-21688.7424072623,-41572.1651657522,-45889.1224665046,8988.54155306518,-8569.45087358297,-25438.6552654803,41841.9162390828,-18192.0336547904
-1022.22926537227,-4852.23834748566,-10398.9021829367,-10799.1657919362,-5047.97462645173,-40945.5827013254,-22801.1054017544,-49133.8931419253,-55308.3654770851,-2957.1816803664,-22477.8010360301,-37233.4829268232,54698.9091261327,-18635.1371288598
275.35273725912,-671.558869853616,-5519.65448874235,-10581.4082542062,-5589.30236184597,-28112.107180953,-19040.9521083236,-36784.8725200892,-41509.7362799644,-7959.89851528406,-14032.2760320604,-21085.6911329329,11999.7037030458,-13256.7765877247
903.122515508905,-110.951705262065,-3625.28376851976,-11558.4642632157,-5882.66652067006,-24224.5622665286,-17717.056982711,-34391.2264798284,-39320.042879045,-16434.1183132976,-16763.6883504391,-18909.2092205286,-2921.40272736549,-10789.1480596364
1530.89230473153,449.655441556126,-1730.91303321719,-12535.5202747714,-6176.0306254155,-20337.0172102749,-16393.1617931947,-31997.5800494291,-37130.3499779999,-24908.3384565725,-19495.1009199657,-16732.7271098681,-17842.5089954156,-8321.51953687146
-583.71587720979,202.248933557421,4392.77125205472,-11667.3591592424,-1365.77621794492,-12397.0601821821,-12006.2200824316,-17241.3917328864,-28028.6338437647,-27485.5087015326,-16656.8347367588,3146.01591786707,-28462.6134310961,-4934.08147679176
240.205849060789,-204.575513103977,5378.1065286845,-7485.27119995654,-1236.76667045057,4887.37483445928,-13368.9609653391,-11488.3829650171,-17580.681813281,-30340.3889045715,-16028.7176947966,8667.62416735292,-38838.3121086657,-4695.80345959775
-1586.35118419863,1458.68997716904,5292.97257371992,-7854.34732415713,143.715080618858,13077.510914892,-21546.671116028,-17472.7051141262,-17861.4559413224,-38582.4755667597,-13595.830783803,-455.763840119296,-50446.6481820345,-4083.86798496218
-3418.69938798249,319.205834105611,4531.79654672742,-10026.2931396812,-1506.5161369741,9437.84036752582,-20409.7793857306,-15332.0367741585,-10919.5318730026,-45069.6955806017,-11671.4332914054,1923.26047320664,-51933.6318068802,-2667.8895268403
-5251.04759211838,-820.278349652886,3770.62049520016,-12198.2389725782,-3156.74731322378,5798.1697762385,-19272.8875980079,-13191.3684478439,-3977.60762751102,-51556.9154754132,-9747.03562292457,4302.28478504159,-53420.615117237,-1251.91126515716
323.856709710322,306.19884679094,6569.87274499238,-6495.86664187349,-6152.35770714004,2701.99578876514,-21119.421587348,-22421.566147238,-8216.27809785307,-48294.531790439,-15414.578297466,-2161.22006254923,-28094.8626112416,-2708.02556172386
1031.58297701401,-3077.76572284102,-884.748750993051,-7096.19612760469,-7247.62876104959,-13077.3524113223,-20066.4436124414,-29648.1237289012,-18631.0514723808,-28310.0513198786,-14878.3772444965,-4585.49540505558,17681.1365194917,-7926.72347063012
-2321.85678818636,-6779.35478690267,-8314.86504361965,-11113.536290965,-9344.14111191034,-30729.426715374,-23951.4200364873,-41787.8458082676,-33167.6439455748,-4827.73946495354,-18535.7553756759,-14230.5166410008,48357.14207232,-12300.4873753749
2474.40428239852,-296.529933542013,-669.154017612338,-2745.63225716353,-3871.92397648096,-10515.7425478399,-19287.4158895612,-39999.4222548008,-26580.0667130947,-22729.2443844378,-25613.832881093,-9955.24828957021,15624.7084832788,-6594.97833777964
3195.8149275966,1094.08795101941,-561.356659397483,-570.350340429694,-2184.07163767517,-9234.93759723008,-18897.9019728079,-45175.071479559,-30554.5741158724,-19938.8407980129,-30981.5607326627,-12640.124753654,14596.4943503141,-5929.10573637486
3917.2255711928,2484.70584759582,-453.559288772754,1604.93159225397,-496.219231994823,-7954.13269010186,-18508.3882006407,-50350.720500946,-34529.0816868544,-17148.4372010743,-36349.2885280252,-15325.0011976808,13568.2803091966,-5263.23312535882
-3868.46907665068,345.332821190357,2419.20731240511,-7105.89099879935,-4979.69885133952,-6424.03546715528,-17448.789054364,-37918.4069685526,-19617.1024195738,-29526.2733825892,-35265.5284739137,-362.593505684286,-15350.2858518325,7861.30626317859
7710.39790084586,5563.42029864527,2356.2284482196,-3651.72529124003,-1637.00321491808,243.360264717601,-13299.813772276,-25623.350285165,-14936.0289143398,-34096.0461713746,-26978.8045049952,5496.77491207281,-23362.5093437135,-1921.42510811985
6046.32409137115,4581.95809537917,1879.24296817184,-215.156002223492,-1627.54562619329,3242.74076648057,-14366.2427067608,-20693.6136100888,-11978.163955003,-38478.5206096768,-13367.6468802094,11253.6954933405,-37348.3094123602,-529.828384622932
4382.25032843091,3600.49592795409,1402.25749373436,3221.41326169483,-1618.0881450153,6242.12127372623,-15432.6716380641,-15763.8771308363,-9020.29888496548,-42860.9949422255,243.510676861741,17010.6161942929,-51334.1096273661,861.76833149977
1186.96825160086,181.200280124322,105.058437777683,-8685.56209698413,-2394.34706339985,2812.5027319165,-23415.6490656138,-23299.2863305211,-15470.6581201777,-44117.7907873318,-5929.3808224164,19852.7349293288,-53245.5289650858,-1314.60564170778
-3167.65921044163,-2222.10785809532,-2412.1143431589,-15100.3730687,-3958.32033875585,-4411.16762469523,-19150.7194855269,-16180.6531931162,-13284.181631078,-51487.9667490423,-12974.8176168352,8263.10372461379,-47686.2829968482,-3506.6327883458
1968.43719804287,-2436.88178849034,-1879.19798269728,-3879.7041323157,-1534.63509653509,-7026.46977960691,-24049.6219979525,-23252.9749005064,-9056.87851895019,-50113.0542167425,-10915.6144709885,15634.7344513837,-36412.7887515724,-4281.85130360723
-4895.17669125274,-6051.01375055313,-5279.57432088256,-12209.8392255604,-7496.57418438792,-19968.5010073483,-26102.5437998176,-31729.765527606,-43147.5814831853,-29595.598647058,-20063.5176452249,-23300.3104513362,10636.0097180307,-17857.9301355481
-5333.14969085902,-7497.18498694897,-8926.8925267458,-11774.1683943272,-8983.87988862395,-29405.3273284435,-23403.5100622177,-38823.7734740973,-51665.3562953472,-13435.6355820447,-25060.0025399327,-29369.5473565757,44806.7440925241,-19899.2310596108
-3152.69583148509,-7985.31843861938,-10697.0165425465,-8233.72368091345,-6656.39404648542,-31736.6542133093,-21861.0537971258,-43731.495102942,-56494.186255455,-673.334550112486,-25707.0619596429,-35688.4725330472,53280.5665208884,-23952.5990242362
-3478.8385328725,-7292.05271404982,-6095.07897508144,-7805.54875649139,-6773.82769685984,-23201.9042524397,-19628.3721488416,-48197.9892038405,-61311.9864826202,-10736.9263374358,-32540.7588633001,-35043.5773002505,42147.3700330257,-22433.5799309313
-4500.80864806101,-4691.11731347442,-735.423664718866,-9762.80108577758,-5919.04692301154,-17667.4364688396,-16859.3923011422,-45412.4140104055,-58135.7141590118,-17506.2770949751,-29363.7080359161,-28501.6299415231,12534.4858099818,-23123.1008559465
-3913.94070804492,-3333.80666932464,1836.01306581497,-10013.6998999268,-6095.44251483679,-13391.7492873371,-16584.4508406445,-35632.1612481475,-52843.2936730385,-23425.2718690187,-27467.8563337624,-26492.8722086549,-7343.63538499177,-22192.7570500597
-1631.84170486033,-551.261555343866,5739.63919231296,-8016.21778809279,-5394.02797538042,-386.284157514572,-14439.8023022711,-27766.1169657111,-42570.9603395462,-26805.4590940774,-26121.4468438625,-21530.8391163945,-24902.894895494,-20694.6121606529
-4187.02019668743,1536.23038190603,8211.13675713539,-6041.41830632836,859.958553761244,16099.344385922,-17172.6466828883,-23267.6760610342,-33770.1064679921,-32897.5395137668,-25443.3033137918,-19888.3733621091,-39878.9737203121,-17145.7547062933
-773.05675804615,3355.89901658893,8249.84198752046,-6439.85740654916,-1838.37910217047,15698.2294639945,-14793.0398241878,-15333.3887790442,-28055.8677959442,-37951.0925056934,-15916.5025107861,-7596.09739002586,-54540.6358692646,-16333.4089301527
-2036.50454567373,1219.95532722026,5759.69433428347,-8000.99589420855,-2145.59440616518,4147.53837275505,-20284.3997836858,-26812.7704451308,-27073.7442030162,-48630.4926248491,-29247.4545787573,-11557.1339801177,-29268.4170334786,-15404.7520767897
-961.246750894934,1061.81775446981,4533.97311407328,-8980.78473623935,-3648.37090523448,-1828.36464590579,-21840.2763075978,-28585.3175923824,-23725.5628612936,-56496.9691534676,-31149.530125916,-7391.51424148679,-23963.1386490762,-14534.2508169562
114.011072490132,903.680232333019,3308.25188353658,-9960.5735117197,-5151.14740012959,-7804.2676869072,-23396.1528670713,-30357.8649402484,-20377.3816470094,-64363.4454553872,-33051.6056672186,-3225.89451303892,-18657.860184215,-13663.7494433261
-1426.48135025054,-2781.30027870886,-2168.67391516641,-9501.05693231523,-4787.62329207361,-16711.0002674758,-29148.3745986819,-45350.4694738388,-36041.253710717,-53100.5543323681,-34531.2027486973,-7462.76759957592,4887.03337771259,-15424.5138174603
-738.165164958686,-2269.15675906837,-4757.16813069582,-9911.13851797581,-5307.45292466879,-29773.4396816492,-23002.1200684905,-48362.9711499214,-42755.0313050747,-47994.4616678655,-37777.8783583641,-13950.9479207918,6560.81992352009,-17195.0341982692
-1164.25331330299,-3855.57526421361,-8789.87818425894,-9886.42103047669,-5385.60566990078,-40758.0258414447,-22805.1038451493,-57365.5242918134,-53943.856194973,-39809.9702131748,-40141.0148842335,-19313.4745133705,19170.1603106558,-18960.6768934056
-1590.34144026786,-5441.99377920106,-12822.5881366804,-9861.70351351053,-5463.75844644755,-51742.6117184907,-22608.0874607116,-66368.0772804618,-65132.6810688973,-31625.478223871,-42504.1511320472,-24676.0012499518,31779.5002770349,-20726.3191728164
-108.23094471544,-782.579493332189,-5986.74974467605,-10817.0188297853,-6257.38938717917,-45003.2289999528,-18690.9448114336,-57558.8336409777,-58449.2647237778,-36603.1850059927,-40776.1234642416,-23273.7443537712,17580.7573031485,-17558.676822491
-718.015640085563,2052.00238071103,2864.09787623584,-11958.2060481668,-4870.98551974259,-25274.6042057574,-16086.4929127591,-37307.1086535379,-43448.530933857,-40745.9160703905,-38367.7196478099,-11672.4237032048,-6646.95840429515,-11902.2575336285
-372.712740216404,423.613423949108,1900.37762997858,-11199.3696644679,-3206.1794700101,-13134.1618140377,-17062.7711490095,-20606.5080991238,-34267.0745987892,-49928.2279689908,-39985.9940117924,-11833.621901948,-20276.2473962605,-11545.7517253738
-2089.65164211998,-1513.22303006146,2384.68350391835,-12518.8726624995,36.748061619699,-6172.56483561173,-16992.2550667524,-11533.84757079,-33203.4399122088,-49333.8886096925,-23794.6932169274,-3000.55154559761,-30589.329414174,-9272.18336096127
-5232.32445176691,-5052.07497206051,-652.928851768375,-9694.92433703132,-1131.21244108677,-6268.93919803575,-19449.228023231,-6559.62769777328,-35489.9715689756,-53184.0468500406,-13676.0439558015,1011.68082046509,-41551.5267426893,-10918.9072886556
-5664.96838408336,-4532.83772127889,-1574.2466557743,-10863.4841280188,1140.97050725669,-11735.7836817764,-19376.9973775959,11870.7134942487,-21643.7371453699,-60088.2021437138,-6480.17282250524,5169.46556162834,-57021.0552701354,-11545.8914502524
-2705.30770397466,-2958.35305057466,82.0676695108414,-12670.653903109,-3077.80394783244,-4536.8869188847,-18001.8300477713,6914.89863680117,-22694.7074606009,-63860.7048508842,-11157.7242563441,-1292.31558104605,-59660.9784817696,-7437.60349232703
-1529.12063229457,-4656.44450992346,-2857.57908632979,-14286.0853874055,-7547.06659899652,-12889.101307258,-18023.0337065943,-4737.71756404638,-32748.2979780315,-67520.9407207072,-22752.5796534321,-12001.0381791356,-54374.9946543351,-14428.5308681726
-3885.08950957609,-7826.27008455992,-11309.5097763538,-16121.7748505473,-9208.04131707549,-39106.8437936194,-27733.683577247,-23412.9982070439,-53534.5915452838,-57529.2285379171,-29461.3168698177,-20393.5903526843,-4309.92162105441,-17750.5977678895
-1604.77652210929,-9170.75920593739,-13493.6423692703,-14281.9702911302,-9738.73290276527,-45045.2655014992,-28027.7948219478,-32288.7240283489,-52023.9512220025,-25170.8263294697,-29719.1791497655,-24425.7287955657,24340.7447766922,-16038.9879365668
-1571.07758096978,-8629.61580991745,-15554.5940930843,-14892.7711852789,-11181.4676156342,-59236.3466083407,-26127.6576392651,-41553.3326926231,-68036.359143734,-12085.2946952619,-38485.6732026339,-30835.829460159,37245.8804379851,-25114.3686453402
-3796.69563666172,-9793.78086185455,-13149.4482653141,-11074.7469210923,-8440.64556840062,-58215.6956992745,-19986.9401976764,-43670.0477885008,-63318.1974925101,-11208.8027795218,-39426.9188566208,-31736.3168129921,35640.9336966798,-27105.6584744453
-4988.08050409704,-8490.99663224816,-2785.41325249523,-11475.5650596842,-3166.06251139008,-39599.2331621945,-20513.1583422981,-45519.7004388068,-65557.6415279135,-19663.7984842318,-35545.0968252495,-24838.2941987701,10195.4038632214,-22745.7933827255
1439.75073921401,122.787462571636,5637.18615519255,-5503.58015651396,-4260.52134411037,-21209.8877783623,-14571.0050940905,-30948.2034926172,-56319.3036093116,-23844.424779892,-29435.1153210402,-16790.1339482032,-12562.2668898292,-17038.4361524303
-5586.09015879594,-5258.35906516761,5586.99666185677,-6970.65690769674,-7049.91730890348,-20268.8485591523,-21457.2297330238,-22702.2582582645,-50639.390309006,-29320.2746077515,-24660.4051891044,-12435.8130213544,-22840.2664388232,-16045.4930810696
303.072782267816,-3294.43407920748,6310.76414364576,-5107.23446191289,-2697.55448747147,-17229.5267798835,-14392.8635727912,-9537.61993457843,-49073.6776394378,-26473.6455910392,-17522.2783968821,-2827.73383635283,-36774.8418745697,-12532.100884337
-725.572262295522,-3958.91600319743,6177.16659832001,-7095.11954741087,-3322.19239930995,-9713.04405595362,-15133.3302289732,1435.4872867316,-44173.1434230208,-33479.2318426184,-11767.7323926538,-657.859312973917,-45114.0329499394,-11756.7868796671
-1972.132722212,-1794.313830439,3410.90955559909,-8636.18669379316,-2884.60920298658,-16467.6012414396,-14402.5336139631,8689.34143944271,-37713.0397825176,-40481.9432351366,-4454.99843509495,-5393.36580482405,-62960.4176519513,-17444.6193372868
-3884.10661046766,-4724.51515769213,1571.30205595493,-11052.936991415,-6006.87151554972,-24795.5771666393,-19519.0018735528,1693.16835429333,-42470.7501403987,-53176.9544608146,-14394.0794676356,-14464.3260745667,-55873.4282785356,-23321.6477191821
-6898.88869939419,-8305.50306814164,-2131.20072874427,-14895.1777115464,-6431.14118523896,-28688.821990341,-24593.2203366086,-12472.9828814194,-52192.9034701586,-54772.23956725,-23792.9960080311,-24752.2566330545,-24809.0959287137,-24824.1944587305
-6340.65006093401,-11525.692065835,-8996.52400159836,-14747.58610183,-11065.4634279385,-34180.7944467068,-32210.2059916798,-28165.0864394568,-56972.682979703,-43237.6367250755,-26099.6495887637,-24966.7921962738,20234.3036965281,-23550.3891566396
-6166.76289173588,-11196.3532447815,-13262.746360532,-15005.9512331933,-12806.6969299018,-49130.1652550697,-26431.8506716192,-32563.1672267914,-64451.8041987419,-26244.4786344916,-31535.877467908,-30985.1977998391,45687.952389583,-22456.9324824363
-4078.7797587635,-13562.4466515481,-15673.206101764,-5199.05958630517,-7227.46315546334,-49403.3413755894,-22797.2066584677,-36248.7146263998,-64685.1082162857,-4195.20751510561,-28223.551638335,-31893.0703843609,53239.4957529381,-23280.8414218985
-3275.08571217954,-12921.9643388093,-8225.73344103992,-8933.03379584104,-8573.78822174668,-36644.5736414194,-24877.0371795669,-48262.1119767726,-77139.8078620434,-18651.5457890183,-39680.223013686,-38810.6943014115,42596.3668935075,-26698.7088511139
-7344.7924278928,-10938.8836472332,-3383.10239611194,-11379.9943427742,-8985.96266788244,-32834.605749622,-19062.322982505,-48026.7693009377,-72628.3744769097,-27067.692293793,-38874.5341267288,-35558.4705530405,12735.9717618078,-26277.8741696775
-7132.69793268666,-9924.99759035558,-1035.73755084723,-12186.5777649134,-8593.28584711975,-30447.0265016332,-21213.0071307085,-39223.113548696,-74007.0371749401,-34074.2148619592,-33724.3833783455,-34640.8200001493,-9638.14136825875,-25986.2568770945
-3530.14125469374,-6060.64255867898,3976.006050881,-8496.399336081,-6444.9887162149,-10599.8912167801,-19624.2769261627,-34247.8747433648,-65425.8751748204,-36003.1224294752,-29673.1170977377,-27816.6184643852,-27374.5316746309,-24559.0371679813
-5458.74211044167,-3863.98926912341,7994.27094990015,-5381.95230652427,24.8546234071255,11114.5268817889,-19550.3136033528,-24052.5049004331,-48600.2462847661,-42347.7379758395,-33595.4508345723,-29599.2122008279,-41591.5815678574,-18481.2704031388
-533.394639790058,-1358.39022243768,7706.07994571328,-4933.99460350257,-4772.25193176221,7861.94465435948,-15982.3933655173,-18602.5492605194,-40096.0582657903,-50748.0012688786,-27826.7366692051,-9354.45612248778,-57602.4751595259,-16796.4793552831
-6189.72631148435,-4092.85186360776,1521.99147813022,-12185.0353630334,-10569.4363770634,-2537.72713404894,-20925.0211853404,-21597.5592290629,-39956.9147703573,-59966.4766806513,-29887.9823128134,-8765.9954782268,-70169.4239610583,-17557.0644161738
-5541.85397569789,-9221.7746946821,318.349154340103,-14790.3356562704,-11351.6771752574,-5524.47704771525,-24291.730783999,-34939.4238222949,-41583.9682120346,-60759.033885628,-28648.9193460997,-17577.5900024399,-69859.9799895883,-17473.462956965
-5306.59426547959,-6762.6514486149,1212.78010700643,-17650.7066447772,-10857.7827380616,-15630.6797616929,-28514.489861846,-42748.6721088886,-40911.2558095455,-66854.580875665,-38703.9826408923,-25465.1447654069,-39437.6725864708,-22117.8925579786
-2823.98803435374,-7218.48423928022,1298.9373113811,-7467.75323988311,-9000.21464678645,-22401.3252433836,-31793.7019917071,-51078.9253591001,-50159.0669964254,-56447.9997377843,-40686.8429421857,-35153.7039520368,-1369.67680310458,-25086.3631430995
-6859.55778463045,-13015.8208265305,-6598.63738690317,-11143.0579455644,-12830.550627768,-38940.8825964928,-27805.1445019916,-59264.4947292805,-59215.3513267934,-33954.7430019379,-41631.3970095813,-38103.9197009653,38098.4693503231,-23772.6773467548
-2652.04834503308,-11094.7448151782,-8223.98550015688,-10997.2802906707,-12225.6586420238,-46058.7948105335,-26487.5652683079,-63745.2322843075,-66958.5018894821,-26524.3201762885,-46992.19045946,-45541.855204314,45842.1873379909,-28312.9207343049
-9360.97629340738,-15170.8630511761,-10732.1509075463,-17631.4172943048,-17219.8485014886,-54061.0654398203,-28834.1175548732,-76169.4775686264,-72465.731683135,-35528.6726250053,-57217.1570183635,-58006.3246379495,46906.1729657594,-21033.4297076613
-7250.71649060585,-14878.7605447471,-7947.66883739829,-18971.8315979783,-12990.1264685988,-52028.0479740799,-26222.2994901463,-74412.9021747634,-77598.3536627293,-31259.9566534758,-48704.1078799367,-41611.1639870852,21441.4759775996,-23719.3155245557
-6408.77902160678,-10764.3532897383,759.907150235027,-18168.6685862616,-8900.3492974788,-31211.2731736079,-20479.1282189665,-60431.7290437222,-68208.0378035903,-36516.5888432488,-50336.0856899321,-45116.8786764219,2700.22663149051,-21936.1489317059
-2004.77580870042,-8025.67032423615,5498.5520311892,-8560.87189142965,-7101.45928229438,-18555.1214944895,-20201.0321280547,-46909.9484249353,-44141.7423124164,-31918.6956124865,-41556.6353157163,-32273.679493661,-16924.6230667532,-23525.3836761788
-3831.62843903899,-10227.407464914,3920.08131013811,-11349.629499821,-6847.71310645342,-11186.5911387876,-26794.5556506775,-44535.245567143,-46090.0201864839,-41601.1449230611,-36302.3856136799,-26339.4186402336,-22567.9743874073,-24172.4586359272
-7081.33032174502,-10383.876592584,1304.1632226184,-11710.0241660737,-8411.38050607964,-13294.2239548713,-22147.2476392686,-32211.3538435549,-30313.943914175,-51718.5125556216,-37419.9012648016,-19453.7155803181,-41118.5714895253,-24292.9281414747
-1779.25279561803,-5557.68360722065,-2159.98389238771,-10093.8130362937,-6085.98613814637,-13117.8306757401,-23666.6570155919,-33601.9442810006,-44018.9313676469,-59274.4971035123,-37761.6409535408,-10423.7901264429,-46311.0257297456,-18978.0213349536
-5958.76441607101,-11288.0919495076,-7170.07306849212,-11881.2670673803,-7600.83110584319,-28143.4122142941,-27406.3732537814,-37674.460038037,-42658.7179392688,-64516.3755800724,-41792.4002154768,-18786.5692759478,-37700.9429712892,-24010.2730995603
-3126.87594628194,-9312.95996677876,-7414.4108042866,-12304.2059242502,-9765.89515536278,-45613.5194205046,-25750.3908123076,-45813.2421775162,-49925.5555817261,-70506.9198888093,-49709.4698856473,-29903.7743298002,-17584.8151122034,-31826.4329114705
-3895.86074084975,-13162.3233324289,-12729.0620771647,-7952.79357096553,-10622.6542727947,-57509.5397567749,-25748.6779639274,-56050.0897029042,-57568.5850239992,-42228.458655633,-44074.0361377001,-31139.3977813572,5607.25071267039,-31429.4342865795
-4651.53455787525,-16510.2523901463,-18862.8090858459,-7989.93858683785,-11449.6334059089,-68117.477550745,-28942.3628959954,-68336.515565902,-71229.0081002712,-9003.59104925208,-38907.1212431192,-35360.7811742723,27243.3523449004,-32489.6540249884
-4406.72920405306,-16528.3694624901,-18530.0555081368,-6346.82093198132,-14372.6414216273,-61417.6094177663,-29196.430737555,-75183.6801334769,-78087.9413642883,-738.636010279879,-44945.9577659667,-42765.9003917873,40440.0066129416,-45309.4028592482
-7457.13149957545,-16031.0942994356,-16025.2829206586,-15340.890659906,-13640.9608276486,-60778.6644442678,-32821.3851044625,-86561.5532207116,-77417.6270642281,-15988.5030897632,-57918.506985426,-58660.2717390061,41292.8524985015,-43561.125686504
-6584.32910554856,-17582.1677474789,-11055.2587847412,-13325.7282840237,-11779.463491831,-58637.6686127484,-29448.5973812118,-78558.8542065471,-72353.7221074104,-19072.3145370781,-49700.1457347125,-45081.570944272,11721.4182502814,-42272.695458496
-7286.10647033714,-11888.4359263927,-3925.25753673725,-13045.3738323348,-9505.91373723745,-35848.8971697614,-22951.4291268364,-75264.5427777134,-64225.7241833638,-22734.2530540377,-41697.1568710804,-31422.1135385782,-11034.3982592374,-29613.41800192
-3204.71347808093,-7663.00965082646,4886.13066825271,-13047.7457470298,-9488.37141621509,-24952.5227194801,-13222.8773178607,-63951.8208886162,-56286.0273921341,-30631.6095404998,-43502.7723067552,-25621.5100956941,-25878.8041682243,-20777.9063473642
-5933.91278348863,-9347.49272304773,-705.838964402676,-5115.20384834521,-12074.6949849278,-15757.5396218672,-9748.40765375877,-53007.2332917107,-50766.2698516846,-31206.9678126127,-43120.1605513562,-18818.7835013419,-41453.587901786,-18258.2281226357
-2512.57616966218,-8945.33836874366,-1990.06179947406,-11715.3642637804,-4585.75984594598,-19309.0970551819,-9494.8184311986,-37900.0668211132,-42521.3778708875,-37715.640704751,-37716.8929102067,-11616.6564146802,-54470.6339672804,-26238.2811436839
-5408.7623875197,-13000.4424309731,-1860.13247010484,-7116.03540352825,-9648.24528583139,-10258.65168906,-11287.1203932874,-36266.7647828581,-32583.0527016073,-41585.6224611923,-35236.2880922929,-17207.9176234081,-68456.146060288,-25708.0687783063
-2496.17462285189,-11415.8601666093,-1151.94566284865,-12188.8060290007,-8434.62994642556,-14390.3469106071,-15001.550477922,-41677.7060762644,-34789.3654017728,-50889.3115624785,-40247.5427199826,-26085.9838304594,-71640.6850602031,-24404.1172357285
-3484.27531810268,-9806.76903642202,-4648.88566288073,-15664.263944611,-5683.31623661704,-24640.8419337422,-14550.7810526863,-45627.8983194828,-41442.3289581835,-54015.1973974544,-44542.2833219022,-30139.1279447638,-57780.6800480485,-29423.1944309585
-8386.34194629639,-16165.208812952,-14179.3171389997,-14055.6461123899,-13778.2649174407,-41886.8820612878,-22614.379147768,-58484.7945876923,-52828.0753958374,-31628.7947488353,-44994.6648747991,-44622.2340757214,-12614.2619489208,-33948.1843253123
-5369.47186292708,-18118.9205973148,-13973.6392165322,-11838.67333348,-13884.2150552996,-50024.7241177559,-22519.1274151206,-68848.1502354145,-63329.0248829723,-9151.19553561881,-45824.5950125456,-44450.8174555302,23013.4111852944,-42024.044407675
-221.934312138706,-13091.9659403563,-14285.3012430668,-11825.2179175578,-10142.4326356174,-57577.062661171,-29503.5901163435,-77717.1102134884,-69252.7344592735,-16516.5730847679,-51923.668164596,-49166.4609622061,34122.1694095004,-42686.2701843232
-7230.56563026086,-14456.1712621674,-11602.1784150749,-17679.3358735591,-12567.6152336895,-66703.8433735371,-22119.3157228567,-80124.8081100658,-83384.5759563446,-13392.733424142,-57440.100677792,-48690.6496437192,31300.3146613464,-41818.2563310191
